{
	"Changes":[
		{
			"LogName": "Concession Worker in CC Theater",
			"Action": "EditData",
			"Target": "Data/Shops",
			"TargetField": [ "Concessions", "Owners", "AnyOrNone" ],
			"Entries": {"Portrait": "Mods/DolphINaF.VendorPortraits/MovieConcessionCC_{{Concession}}"},
			"When": {
				"HasMod |contains=FlashShifter.StardewValleyExpandedCP": false,
				"HasMod |contains=LemurKat.JulietHouse.NPC": false
			}
		},
// VENDOR ROTATION	
		{   
			"LogName": "CC Theater Staff Sprite Shift 1",
			"Action": "EditImage",
			"Target": "Maps/MovieTheater_TileSheet",
			"FromFile": "assets/Sprites/MovieConcessionCC_{{Concession}}.png",
			"FromArea": { "X": 0, "Y": 16, "Width": 48, "Height": 16 },
			"ToArea": { "X": 192, "Y": 176, "Width": 48, "Height": 16 },
			"When": {
				"HasFile:{{FromFile}}": true,
				"HasMod |contains=FlashShifter.StardewValleyExpandedCP": false,
				"HasMod |contains=LemurKat.JulietHouse.NPC": false
			}
		},			
		{   
			"LogName": "CC Theater Staff Sprite Shift 2",
			"Action": "EditImage",
			"Target": "Maps/MovieTheater_TileSheet",
			"FromFile": "assets/Sprites/MovieConcessionCC_{{Concession}}.png",
			"FromArea": { "X": 48, "Y": 0, "Width": 16, "Height": 32 },
			"ToArea": { "X": 240, "Y": 160, "Width": 16, "Height": 32 },
			"When": {
				"HasFile:{{FromFile}}": true,
				"HasMod |contains=FlashShifter.StardewValleyExpandedCP": false,
				"HasMod |contains=LemurKat.JulietHouse.NPC": false
			}
		},
// Juliet and Jessie Support
		{
			"LogName": "CC Concession Portrait if Juliet",
			"Action": "EditData",
			"Target": "Data/Shops",
			"TargetField": [ "Concessions", "Owners", "AnyOrNone" ],
			"Entries": {"Portrait": "Mods/DolphINaF.VendorPortraits/MovieConcessionCC_Juliet"},
			"When": {"HasMod |contains=LemurKat.JulietHouse.NPC": true,}
		},
		{
			"LogName": "CC Concession Portrait if Kevin",
			"Action": "EditData",
			"Target": "Data/Shops",
			"TargetField": [ "Concessions", "Owners", "AnyOrNone" ],
			"Entries": {"Portrait": "Mods/DolphINaF.VendorPortraits/MovieConcessionCC_Kevin"},
			"When": {			
				"HasMod |contains=LemurKat.JulietHouse.NPC": true,	
				"DayOfWeek": "Friday, Saturday, Sunday"
			}
		},
		{
			"LogName": "CC Concession Portrait if Kevin",
			"Action": "EditData",
			"Target": "Data/Shops",
			"TargetField": [ "Concessions", "Owners", "AnyOrNone" ],
			"Entries": {"Portrait": "Mods/DolphINaF.VendorPortraits/MovieConcessionCC_Kevin"},
			"When": {			
				"HasMod |contains=LemurKat.JulietHouse.NPC": true,	
				"DayOfWeek": "Tuesday, Thursday",
				"spouse": "Juliet"
			}
		},
		{
			"LogName": "CC Concession Portrait if Kevin",
			"Action": "EditData",
			"Target": "Data/Shops",
			"TargetField": [ "Concessions", "Owners", "AnyOrNone" ],
			"Entries": {"Portrait": "Mods/DolphINaF.VendorPortraits/MovieConcessionCC_Kevin"},
			"When": {		
				"HasMod |contains=LemurKat.JulietHouse.NPC": true,	
				"Weather": "rain"
			}
		},
// Stardew Valley Expanded Support
		{
			"LogName": "CC Concession Portrait if SVE",
			"Action": "EditData",
			"Target": "Data/Shops",
			"TargetField": [ "Concessions", "Owners", "AnyOrNone" ],
			"Entries": {
				"Portrait": null,
				"Id": "Any",
				"Name": "Any"
			},
			"When": {"HasMod |contains=FlashShifter.StardewValleyExpandedCP": true}
		},
	],
}