{
	"Changes":[
		{
			"LogName": "Concession Worker in Joja Theater",
			"Action": "EditData",
			"Target": "Data/Shops",
			"TargetField": [ "Concessions", "Owners", "AnyOrNone" ],
			"Entries": {"Portrait": "Mods/DolphINaF.VendorPortraits/MovieConcessionJoja_{{Concession}}"},
		},
// VENDOR ROTATION	
		{   
			"LogName": "Joja Theater Staff Sprite Shift 1",
			"Action": "EditImage",
			"Target": "Maps/MovieTheaterJoja_TileSheet",
			"FromFile": "assets/Sprites/MovieConcessionJoja_{{Concession}}.png",
			"FromArea": { "X": 0, "Y": 16, "Width": 48, "Height": 16 },
			"ToArea": { "X": 192, "Y": 176, "Width": 48, "Height": 16 },
			"When": {"HasFile:{{FromFile}}": true,}
		},			
		{   
			"LogName": "Joja Theater Staff Sprite Shift 2",
			"Action": "EditImage",
			"Target": "Maps/MovieTheaterJoja_TileSheet",
			"FromFile": "assets/Sprites/MovieConcessionJoja_{{Concession}}.png",
			"FromArea": { "X": 48, "Y": 0, "Width": 16, "Height": 32 },
			"ToArea": { "X": 240, "Y": 160, "Width": 16, "Height": 32 },
			"When": {"HasFile:{{FromFile}}": true,}
		},
	],
}