{
	"Changes":[
		{
			"Action": "Load",
			"Target": "Characters/Dialogue/OldMariner",
			"FromFile": "assets/Data/blank.json"
		},
		{
			"Action": "EditData",
			"Target": "Characters/Dialogue/OldMariner",
			"Entries": {
				"PendantQuestion": "{{i18n:MarinerLine1}}#$b#{{i18n:MarinerLine2}}#$b#$y '{{i18n:MarinerBuyPrompt}}_{{i18n:MarinerBuyYes}}_{{i18n:MarinerBuyYesAnswer}}_{{i18n:MarinerBuyNo}}_{{i18n:MarinerBuyNoAnswer}}'",
			}
		},
		{
			"Action": "EditData",
			"Target": "Data/TriggerActions",
			"Entries": {
				"{{ModId}}-MarinerPendant": {
					"Id": "{{ModId}}-Mariner",
					"Trigger": "Dolphin.Kedi.OldMarinerDialogue_MarinerTrigger",
					"HostOnly": false,
					"MarkActionApplied": false,
					"Actions": [
						"null"
					],
				}
			},
		},
		{
			"Action": "EditImage",
			"Target": "Portraits/Mariner",
			"FromFile": "assets/Portraits/OldMariner_Mermaid.png",
			"When": {"HasMod": "DolphINaF.MermaidMariner"}
		},
	],
}